,missing_ratio,average_snr,baseline_drift
0,0.0,-1.797281875248991e-07,0.011230286871186627
